RSRP,DL_BLER,DL_MCS,UL_BLER,UL_MCS,UL_NPRB,UL_SNR,TX_Bytes,RX_Bytes,Estimated_UL_Buffer,PRBs_DL_Current,PRBs_UL_Current,PRB_Utilization_DL,PRB_Utilization_UL,UL_NumberOfPackets,DL_NumberOfPackets
-96.0,0.0,7.0,0.1081655,17.0,18.11,20.445,440168.0,5381.0,260.04,63.35,1.06,59.7641,1.0001,70.0,108.0
-96.0,0.0,7.0,0.1134628999999999,17.0,14.41,21.23,435095.0,4215.0,218.52,65.2,1.18,61.5094,1.1134,82.0,40.0
-96.0,0.0,7.0,0.129263,17.0,14.9,20.97,443817.0,4389.0,232.65,64.14,1.8,60.5094,1.6982,63.0,311.0
-96.0,0.0,7.0,0.1506728,16.49,15.2,20.87,432870.0,4445.0,229.9,64.14,1.56,60.5094,1.4718,92.0,223.0
-96.0,0.0,7.0,0.16684,15.48,16.48,19.465,441465.0,4515.0,262.18,63.62,1.47,60.0188,1.3869,77.0,239.0
-96.0,0.0,7.0,0.1594209999999999,14.46,20.26,21.57,440168.0,6020.0,221.49,64.41,1.33,60.7641,1.2548,74.0,215.0
-96.0,0.0,7.0,0.1431748,14.0,17.86,20.51,432870.0,4953.0,243.03,63.08,1.49,59.5094,1.4059,75.0,430.0
-96.0,0.0,7.0,0.1318078,14.0,15.45,19.45,436519.0,5242.0,210.79,63.35,1.88,59.7641,1.7737,73.0,434.0
-96.0,0.0,7.0,0.1238619999999999,14.0,16.08,20.12,448763.0,6036.0,272.32,64.68,2.3,61.0188,2.1698000000000004,107.0,637.0
-96.0,0.0,7.0,0.1168467,14.0,16.25,19.445,429221.0,5510.0,262.59,63.35,1.08,59.7641,1.019,66.0,183.0
-96.0,0.0,7.0,0.1070990999999999,14.0,12.82,19.735,440168.0,6516.0,295.18,64.14,2.75,60.5094,2.5943,83.0,462.0
-96.0,0.0,7.0,0.0972104999999999,14.0,18.62,20.495,440168.0,5144.0,227.05,64.14,1.25,60.5094,1.1794,82.0,335.0
-96.0,0.0,7.0,0.0900206999999999,14.0,17.51,20.08,438744.0,6082.0,280.63,65.2,1.51,61.5094,1.4247,80.0,378.0
-96.0,0.0,7.0,0.0837731,14.0,16.26,19.675,440168.0,6584.0,310.04,65.2,1.2,61.5094,1.1322,64.0,328.0
-96.0,0.0,7.0,0.0752357,14.0,18.23,20.435,432870.0,4897.0,230.99,63.08,1.39,59.5094,1.3116,95.0,209.0
-96.0,0.0,7.0,0.0705126,14.0,16.94,19.27,445114.0,5491.0,284.88,67.32,2.55,63.5094,2.4057,54.0,244.0
-96.0,0.0,7.0,0.065931,14.0,19.9,19.895,440168.0,5808.0,229.28,62.29,0.94,58.7641,0.8869,84.0,392.0
-96.0,0.0,7.0,0.0591475999999999,14.0,13.33,20.335,436519.0,4622.0,216.35,64.14,0.89,60.5094,0.8398,74.0,308.0
-96.0,0.0,7.0,0.0531765,14.0,15.07,20.405,440168.0,5816.0,276.71,66.26,2.15,62.5094,2.0282,83.0,277.0
-96.0,0.0,7.0,0.0477611999999999,14.61,18.32,18.82,437816.0,5377.0,259.38,64.41,1.15,60.7641,1.0851,80.0,244.0
-96.0,0.0,7.0,0.0429404,15.62,22.29,20.825,432870.0,5343.0,358.86,65.2,2.79,61.5094,2.6322999999999994,74.0,2.0
-96.0,0.0,7.0,0.0526518999999999,16.0,17.34,21.2,436519.0,5503.0,257.55,62.56,1.02,59.0188,0.9623,67.0,872.0
-96.0,0.0,7.0,0.0602785,16.0,14.74,20.545,440168.0,4572.0,181.36,65.2,1.04,61.5094,0.9812,78.0,89.0
-96.0,0.0,7.0,0.0726333999999999,16.0,15.58,19.915,434167.0,4727.0,225.85,65.2,1.24,61.5094,1.1698,70.0,518.0
-96.0,0.0,7.0,0.0907112,16.0,14.66,20.195,437447.0,4348.0,222.8,62.56,0.96,59.0188,0.9057,82.0,367.0
-96.0,0.0,7.0,0.1018009999999999,16.0,21.07,19.675,440168.0,5622.0,310.24,63.35,0.93,59.7641,0.8774000000000001,88.0,287.0
-96.0,0.0,7.0,0.1093432999999999,16.0,14.27,19.335,434167.0,4180.0,203.96,63.35,0.62,59.7641,0.585,78.0,315.0
-96.0,0.0,7.0,0.131058,16.0,21.59,20.66,440168.0,4522.0,371.39,64.41,1.33,60.7641,1.2547,73.0,0.0
-96.0,0.0,7.0,0.14977,15.25,17.19,20.87,440168.0,5410.0,205.37,64.14,1.35,60.5094,1.2737,44.0,157.0
-96.0,0.0,7.0,0.1456241,15.0,15.97,19.025,429221.0,4501.0,210.68,62.29,0.72,58.7641,0.6794,37.0,287.0
-96.0,0.0,7.0,0.1363843999999999,15.0,19.28,20.02,445114.0,5255.0,242.33,66.26,1.94,62.5094,1.8301,67.0,317.0
-96.0,0.0,7.0,0.133852,15.0,18.33,19.895,440168.0,5189.0,239.42,62.29,0.76,58.7641,0.7171000000000001,48.0,308.0
-96.0,0.0,7.0,0.1227048,15.0,11.65,21.12,436519.0,3402.0,140.95,64.14,1.29,60.5094,1.2170999999999998,51.0,286.0
-96.0,0.0,7.0,0.115134,15.0,22.59,20.25,443817.0,6240.0,302.54,64.41,1.65,60.7641,1.5567000000000002,35.0,210.0
-96.0,0.0,7.0,0.1093941999999999,15.0,17.13,20.535,435095.0,4735.0,222.09,63.62,1.91,60.0188,1.802,54.0,798.0
-96.0,0.0,7.0,0.1049239999999999,15.0,13.88,21.12,443817.0,3541.0,159.48,65.47,0.71,61.7641,0.67,79.0,0.0
-96.0,0.0,7.0,0.100316,15.0,14.7,19.71,432870.0,3956.0,180.08,61.23,1.26,57.7641,1.1887,62.0,640.0
-96.0,0.0,7.0,0.096088,15.0,20.31,20.475,441465.0,5333.0,255.51,67.05,1.5,63.2547,1.4152,70.0,0.0
-96.0,0.0,7.0,0.092282,15.0,12.93,21.025,440168.0,3809.0,173.82,63.35,0.91,59.7641,0.8584999999999999,76.0,38.0
-96.0,0.0,7.0,0.1001624,15.0,29.4,17.66,432870.0,5859.0,403.75,63.08,2.51,59.5094,2.3681,72.0,927.0
-96.0,0.0,7.0,0.1157903999999999,15.0,15.41,19.605,436519.0,3293.0,237.04,64.41,1.1,60.7641,1.0378999999999998,68.0,259.0
-96.0,0.0,7.0,0.1319304,15.0,17.85,20.685,445114.0,5494.0,237.36,66.26,1.32,62.5094,1.2455,57.0,264.0
-96.0,0.0,7.0,0.1293499999999999,15.0,14.82,22.11,432870.0,4513.0,210.73,62.02,0.99,58.5094,0.934,44.0,304.0
-96.0,0.0,7.0,0.1215219999999999,15.0,23.06,22.39,440168.0,5937.0,298.88,65.2,2.62,61.5094,2.4717,43.0,297.0
-96.0,0.0,7.0,0.1091511999999999,15.0,20.62,21.35,440168.0,5584.0,256.45,63.35,1.25,59.7641,1.1793,72.0,305.0
-96.0,0.0,7.0,0.0993732,15.0,13.05,21.64,434167.0,3621.0,183.88,64.14,0.97,60.5094,0.9152,42.0,297.0
-111.93979166333092,0.0018719665783661981,0.0,0.10582584459206663,8.0,27.48,8.548092925411334,440863.0,7820.0,359.75777722551436,13.05579782683156,1.5150441272438602,60.5094,2.8962,149.68961994828805,636.8926687835867
-111.88999323885291,0.00038762193793373447,0.0,0.09816150602294019,7.0,12.62,7.123761472763212,425443.0,3622.0,169.65249104602532,13.05579782683156,0.20233488344299108,60.5094,0.3868999999999999,165.65651274277212,249.99525316738917
-112.05963417839861,0.0014537249951426055,0.0,0.09299972377096413,7.0,19.67,6.907283200574123,423722.0,5363.0,278.03988640612016,13.487327159430297,0.5971346560146811,62.5094,1.1416,143.70203515035652,0.0
-111.21260345256047,0.0006506524945463641,0.0,0.09084907011569857,7.0,16.1,8.097494752367645,409827.0,4278.0,235.49017085540356,13.216603568696184,0.6020696531718271,61.2547,1.1509,157.6730663455301,0.0
-110.82485959259888,0.002322832325977232,0.0,0.09219872464729681,7.0,17.41,7.964346010344962,394666.0,4632.0,254.17357755241187,13.271562493130928,0.7353145764147725,61.5094,1.4059,131.7268655544935,1355.1329993121176
-111.0866111538172,0.0007586657246265541,0.0,0.09361594632019793,8.0,19.16,7.172205619737192,396660.0,4833.0,260.67036698774945,13.271562493130928,0.6760946105290191,61.5094,1.2926,147.69375834897755,0.0
-110.61675601564046,0.0003685271362231497,0.0,0.0940683174780839,7.0,17.2,6.701102102323847,383927.0,4054.0,234.99082860110366,13.487327159430297,0.3059698237430597,62.5094,0.5851,175.63582073932466,589.2745253231316
-110.79082264715888,0.0011277627101158802,0.0,0.1027997601323698,7.0,20.25,7.666803573024421,382170.0,5134.0,307.6852822607583,12.679227418667569,0.7057045934718957,58.7641,1.3491,137.71445035242502,367.0565225076746
-111.34567682414395,0.0010924792850126313,0.0,0.10220539758152306,7.0,13.55,7.699985483553271,369377.0,3589.0,192.3640795732729,12.840033160532192,0.4737597270860279,59.5094,0.9058,135.7185887531145,134.91807313795607
-110.44684956177306,0.0013013509964768357,0.0,0.09720912480548943,7.0,14.18,8.190740740296292,360888.0,3578.0,212.2976049906129,12.840033160532192,0.7994695394576722,59.5094,1.5283000000000002,235.51166871863987,420.62693390068654
-110.51803521004466,0.0010987947026781806,0.0,0.091981231693519,8.0,30.58,7.748952304940672,364479.0,7538.0,453.7362766822773,13.326521417565672,0.9573894484863481,61.7641,1.8301,143.70203515035652,632.9244901618821
-110.86822188933068,0.0015561374757466885,0.0,0.10318506172572346,7.0,15.12,7.430609920578206,348879.0,3610.0,212.55054714094436,13.216603568696184,0.5329796929717815,61.2547,1.019,179.62754393794566,529.7518459975628
-111.17462648406718,0.0007895472670497723,0.0,0.10469800162295208,7.0,18.46,7.941766420888629,346521.0,5712.0,342.9209034918974,12.894992084966937,0.5033697100289047,59.7641,0.9624,143.70203515035652,628.9563115401775
-110.69176069827108,0.0016313718573968895,0.0,0.09464658813556215,7.0,19.95,7.806273204109736,348181.0,4643.0,286.5278674790309,13.326521417565672,0.6316796361147039,61.7641,1.2076,159.6689279448406,557.5290963494949
-110.833334909121,0.0006282476276752957,0.0,0.09027512337224698,8.0,25.32,7.346493720364684,333796.0,4579.0,379.85199510358996,13.05579782683156,0.49349971571461243,60.5094,0.9436,131.7268655544935,589.2745253231316
-110.93495269095713,0.0011837573495668183,0.0,0.10013716696015323,7.0,18.51,6.1053233843818,331959.0,3476.0,289.03387589594786,13.05579782683156,0.4737597270860279,60.5094,0.9057,153.68134314690906,712.2880625959739
-110.6517128514237,0.0015444630739264776,0.0,0.10688056262234906,7.0,17.99,7.530091413119636,330229.0,4056.0,315.37413180563965,13.326521417565672,0.6662246162147268,61.7641,1.2736,157.6730663455301,539.6722925518243
-110.89012654839054,0.0018827164897265844,0.0,0.1049127533488724,7.0,19.17,8.679622411660143,324152.0,3343.0,256.72341570047524,13.110756751266303,0.5773946673860965,60.7641,1.1039,153.68134314690906,69.44312587983032
-110.89332351136783,0.0006876371019222347,0.0,0.10992919368989754,7.0,15.79,5.222818543614808,327050.0,3635.0,246.82240947175362,13.487327159430297,0.7698595565147954,62.5094,1.4716999999999998,163.6606511434616,1.984089310852295
-110.70196393955209,0.0013668215023774346,0.0,0.11522453700740026,7.0,21.66,7.658317198268733,312417.0,4537.0,339.1918217492729,12.894992084966937,0.8932344854434485,59.7641,1.7076000000000002,119.75169595863044,313.4861111146626
-110.7579090061203,0.0012088995936105436,0.0,0.11234885773883206,7.0,16.49,8.06770788901812,311793.0,3190.0,264.1323852368191,13.271562493130928,0.3602547924716671,61.5094,0.6888,165.65651274277212,472.2132559828462
-111.12021408768729,0.0016463752353671273,0.0,0.11164889651737259,7.0,19.55,7.26407508711916,313562.0,4140.0,320.36485368595953,13.110756751266303,1.2140093006579467,60.7641,2.3209,99.79307996552537,565.465453592904
-111.3764174190204,0.0007439129370530187,0.0,0.11716569492745449,7.0,18.11,7.110101696793937,298755.0,4872.0,355.76999853306444,12.894992084966937,0.8044045366148183,59.7641,1.5378,85.82204877035181,601.1790611882454
-111.0479074683718,0.0006011936474724384,0.0,0.11511331429537622,7.0,13.48,7.716694074516688,307860.0,3275.0,217.43860523135152,12.734186343102314,0.35531979531452096,59.0188,0.6792,121.74755755794095,595.2267932556884
-111.01755283415699,0.0004177245980846704,0.0,0.1069682102239222,7.0,21.23,7.914182927034909,297809.0,4247.0,321.4914693161811,13.487327159430297,1.1942693120293622,62.5094,2.2831,125.73928075656197,557.5290963494949
-110.9977385050319,0.002413567815803831,0.0,0.10273649173717192,7.0,15.68,11.734106153700749,293624.0,3349.0,271.9093922476344,12.894992084966937,0.23687986354301396,59.7641,0.4528999999999999,137.71445035242502,559.5131856603472
-111.49869920233776,0.0029782817146031693,0.0,0.09496926934238056,7.0,17.46,9.871265043474525,292842.0,3733.0,274.65317707941193,13.271562493130928,0.715574587786188,61.5094,1.3679,139.71031195173552,539.6722925518243
-110.99189296740033,0.002007604965453937,0.0,0.09027648993197773,7.0,12.98,8.79537600699393,284890.0,2894.0,241.8236240071221,12.679227418667569,0.7599895622005032,58.7641,1.453,143.70203515035652,609.1154184316546
-112.08459289086937,0.00040608873428422607,0.0,0.08542239023813077,7.0,13.85,7.74316065998194,285098.0,2934.0,249.33152585197323,13.110756751266303,0.5823296645432426,60.7641,1.1132,127.73514235587247,579.3540787688702
-111.71678490668455,0.0012665993174323642,0.0,0.08064819918550753,7.0,16.31,7.793136802502639,283645.0,3031.0,237.0876635376327,12.894992084966937,0.09376494598577637,59.7641,0.1793,151.68548154759856,555.5450070386426
-112.03319656776782,0.0022891792828657865,0.0,0.07694343117984455,7.0,17.7,7.617104235756402,278408.0,3574.0,316.39280161851656,12.894992084966937,0.8192095280862566,59.7641,1.5659999999999998,165.65651274277212,2148.7687236530355
-111.91981426299036,0.0007338094034432606,0.0,0.07949247253290952,7.0,18.99,6.9822021516291635,273826.0,3613.0,331.7276839170128,12.518421676802944,0.4342797498288589,58.0188,0.8303,123.74341915725145,1515.8442334911533
-112.00434204911342,0.0013788001245164073,0.0,0.07893844140167021,7.0,15.68,8.365148089999083,280551.0,3206.0,258.1230293251351,13.487327159430297,0.8537545081862795,62.5094,1.6322,143.70203515035652,597.2108825665408
-111.81706717262851,0.0006306874702250699,0.0,0.07840342055002757,7.0,13.78,5.691282993445902,267908.0,2510.0,282.87952782292473,12.247698086068834,0.10856993745721473,56.7641,0.2075999999999999,123.74341915725145,632.9244901618821
-112.00595127624777,0.001571283019393603,0.0,0.08312178890139331,8.0,28.23,6.228391630817333,272020.0,4748.0,419.31783676166935,13.110756751266303,1.0560893916292706,60.7641,2.0189,99.79307996552537,607.1313291208023
-111.85765396180145,0.00044971866815096006,0.0,0.09343059159448434,8.0,15.78,7.308016337346855,265773.0,2989.0,296.25857745481756,13.487327159430297,0.49349971571461243,62.5094,0.9434,87.81791036966233,583.3222573905747
-111.78286348972159,0.0008225138507410394,0.0,0.09566372276728842,7.0,14.56,6.734619124564963,260287.0,2972.0,291.8023321135049,13.05579782683156,0.681029607686165,60.5094,1.3019,119.75169595863044,662.6858298246665
-112.04595779812364,0.0007667692971379796,0.0,0.0877211533511493,7.0,18.48,6.2742238653986915,262204.0,3709.0,335.07964115705147,13.05579782683156,0.6119396474861194,60.5094,1.1699000000000002,121.74755755794095,581.3381680797224
-111.62363064647617,0.0003732256065295995,0.0,0.09457810490281836,7.0,13.86,5.922667789932916,257631.0,3580.0,360.5810009218324,12.894992084966937,1.2041393063436543,59.7641,2.3019,165.65651274277212,565.465453592904
-112.10617505745337,0.00029388588965792754,0.0,0.10287949017709398,7.0,19.05,8.531940150592025,258174.0,3141.0,305.4568617847609,13.326521417565672,0.6711596133718729,61.7641,1.2831,135.7185887531145,585.3063467014271
-111.84571866878274,0.0006061533250547641,0.0,0.10072767695750796,8.0,19.82,7.465278181163483,255094.0,3770.0,341.42762671044886,13.326521417565672,0.5625896759146581,61.7641,1.0756,127.73514235587247,583.3222573905747
-112.16773645843756,0.001611058842539553,0.0,0.09817969438022654,7.0,14.63,6.8063691168694795,248626.0,2876.0,307.2136502241106,12.679227418667569,0.8290795224005488,58.7641,1.585,155.67720474621956,605.14723980995
-112.11207432896845,0.002381206867611783,0.0,0.0985395906800432,7.0,15.51,6.386816497507019,244837.0,3008.0,306.89523780560455,12.894992084966937,0.5477846844432198,59.7641,1.0471,145.69789674966702,577.3699894580178
-112.06807235769703,0.0023978834245617048,0.0,0.09737102161840056,7.0,19.09,6.752909770048871,253293.0,3603.0,377.23264569382667,13.326521417565672,1.065959385943563,61.7641,2.0379,167.65237434208262,355.1519866425608
-111.40891204321771,0.0004955982351920478,0.0,0.10272570461223812,8.0,14.57,6.8879364798224785,242166.0,2736.0,302.75608108507794,12.894992084966937,0.6020696531718271,59.7641,1.1511,151.68548154759856,0.0
-111.62161350431853,0.0010305323491121266,0.0,0.11042535733950753,7.0,19.09,5.905588892900464,242117.0,3486.0,384.38570270413373,13.110756751266303,0.6514196247432884,60.7641,1.2453999999999998,155.67720474621956,412.69057665727735
-111.86043731925172,0.0012221520223568455,0.0,0.12004231983760218,8.0,31.62,6.548598193540175,246797.0,9297.0,794.711621722602,13.271562493130928,1.6581590448010977,61.5094,3.1698000000000004,317.3419942903707,505.9427742673352
-111.88560530823914,0.0018867698455270433,0.0,0.11682738211530237,8.0,28.67,7.020670430547612,240036.0,7849.0,707.5539029957993,13.271562493130928,1.465694155672399,61.5094,2.8018,209.56546792760327,632.9244901618821
-111.60151367403952,0.0019172163308646122,0.0,0.11410975451825235,7.0,16.56,7.407914340674629,238037.0,3058.0,337.4825665868279,13.271562493130928,0.8044045366148183,61.5094,1.538,169.64823594139312,559.5131856603472
-110.67979061609223,0.0005889689112859286,0.0,0.10969892047464928,8.0,19.85,8.818032589211692,232158.0,3491.0,370.28758954476234,12.840033160532192,0.8093395337719643,59.5094,1.5473,143.70203515035652,623.0040436076206
-110.53081029449682,0.001927196157212929,0.0,0.10043917399125589,7.0,16.44,8.552655766947712,238713.0,3075.0,335.9089079028446,13.326521417565672,0.37505978394310546,61.7641,0.7171,169.64823594139312,551.576828416938
-110.95152701308159,0.0011908670205879694,0.0,0.09955812725499258,7.0,19.45,7.638489199738047,228880.0,3228.0,365.346418862266,12.894992084966937,1.001804422900663,59.7641,1.9152,149.68961994828805,577.3699894580178
-111.0092798417294,0.002190013650812827,0.0,0.09805022290372757,7.0,18.36,7.866414156223587,232282.0,3042.0,388.8899831274359,13.110756751266303,0.7402495735719187,60.7641,1.4152,149.68961994828805,573.4018108363133
-95.81720430107526,0.0,7.0,0.0852617999999999,15.0,18.96,20.03,437816.0,5655.0,270.68,64.41,1.51,60.7641,1.4246,81.0,273.0
-96.0,0.0,7.0,0.0876591999999999,15.0,14.55,20.26,443817.0,3806.0,200.09,65.2,1.07,61.5094,1.0094999999999998,70.0,266.0
-96.0,0.0,7.0,0.0841498,15.0,20.26,19.715,436519.0,5536.0,253.76,62.29,0.69,58.7641,0.6509999999999999,72.0,215.0
-96.0,0.0,7.0,0.0818971999999999,15.0,17.03,20.69,432870.0,6376.0,302.5,65.2,0.82,61.5094,0.7736,82.0,200.0
-96.0,0.0,7.0,0.0785766,15.0,16.1,21.08,452412.0,4806.0,223.72,67.05,1.08,63.2547,1.019,66.0,0.0
-96.0,0.00811,7.0,0.0712941,15.0,16.88,20.575,410976.0,4147.0,183.04,60.42,1.04,57.0,0.9813,56.0,234.0
-96.0,0.0077778999999999,7.0,0.0700233999999999,15.0,14.95,21.22,433798.0,5623.0,258.28,64.14,0.95,60.5094,0.8963,79.0,308.0
-96.0,0.0069861,7.0,0.0677179999999999,15.0,14.05,22.15,443737.0,4582.0,207.25,64.41,0.93,60.7641,0.8775,77.0,270.0
-96.0,0.0062795999999999,7.0,0.0635715999999999,15.0,20.45,20.935,434247.0,5403.0,258.86,64.41,0.7,60.7641,0.6603999999999999,71.0,302.0
-96.0,0.0056386,7.0,0.0680884,15.0,15.64,21.705,440168.0,4421.0,207.66,64.41,1.39,60.7641,1.3114,75.0,286.0
-96.0,0.0050709,7.0,0.0679875,15.0,12.55,20.38,440168.0,4060.0,182.65,64.14,0.55,60.5094,0.519,65.0,821.0
-96.0,0.0045547999999999,7.0,0.0741477,15.0,17.15,21.325,434167.0,4870.0,224.14,64.41,0.9,60.7641,0.8491,78.0,303.0
-96.0,0.0040907,7.0,0.0826404,15.0,13.43,21.285,436519.0,3665.0,177.58,64.41,0.76,60.7641,0.7171,69.0,294.0
-96.0,0.0036772,7.0,0.0855419999999999,15.0,18.15,20.06,443817.0,5306.0,251.78,63.62,1.25,60.0188,1.1793,70.0,276.0
-96.0,0.0033009999999999,7.0,0.0902411999999999,15.0,16.39,20.055,429221.0,4834.0,240.44,62.29,1.66,58.7641,1.5662,47.0,238.0
-96.0,0.0029694999999999,7.0,0.0931221,15.0,20.7,19.4,441465.0,5551.0,251.63,66.26,0.52,62.5094,0.4906,37.0,0.0
-96.0,0.0026646999999999,7.0,0.0859699999999999,15.0,11.38,22.055,443817.0,3160.0,139.47,65.2,1.42,61.5094,1.3397,51.0,1008.0
-96.0,0.0023924999999999,7.0,0.0880666,15.0,14.45,20.755,430149.0,4038.0,183.1,62.29,1.76,58.7641,1.6604,76.0,294.0
-96.0,0.0021497,7.0,0.0986575999999999,15.0,16.64,20.555,440088.0,4914.0,238.72,64.14,1.87,60.5094,1.7642000000000002,50.0,297.0
-96.0,0.0019277,7.0,0.1083876999999999,15.0,13.11,21.0,441545.0,3609.0,167.9,66.26,0.76,62.5094,0.7171,78.0,272.0
-96.0,0.0032685318766287,7.0,0.2173538459780694,15.0,35.39606550371402,19.565,242803.0,2745.0,916.830639769828,63.35,1.4,86.05543558039196,2.098469396461062,22.78122604119321,144.95494124296627
-96.0,0.0029380951860428,7.0,0.21414286479606,15.0,20.4658345256264,18.94,246897.0,2153.0,500.31677728765175,65.2,0.71,88.568525407202,1.0643281713274266,18.324029641829327,153.12141680595028
-96.0,0.0026367037296749,7.0,0.2036106244704808,15.0,24.411578046456917,20.145,247624.0,2584.0,706.8581040965666,65.2,2.34,88.568525407202,3.5075642690544258,24.266958174314517,158.7358687555018
-96.0,0.0023769940704646,7.0,0.1996196976247252,15.0,21.02951217145933,20.415,240756.0,1984.0,553.0061879842242,64.14,0.59,87.12860686780473,0.8844775234780988,23.771714129940747,158.2254640328153
-96.0,0.0021402942721282,7.0,0.2030309190508589,15.0,24.93189587337962,19.9,246897.0,2382.0,617.0069567166502,64.41,0.83,87.49535411978923,1.2441788191767544,35.65757119491112,134.74684678923626
-96.0,0.00192320943716,7.0,0.2004186760245461,15.0,22.200227282035417,20.755,246897.0,2372.0,594.0934602327103,63.35,1.01,86.05543558039196,1.513954790950746,38.13379141677995,157.7150593101288
-96.0,0.0017276256197299,7.0,0.1906310914979067,15.0,19.82989051494309,20.665,243531.0,2163.0,617.9665320770182,64.41,1.39,87.49535411978923,2.083534802028343,35.16232715053736,133.21563262117675
-96.0,0.0015495821060808,7.0,0.1763858815763361,15.0,28.588573934808636,18.68,246897.0,2560.0,742.0425339767281,66.26,1.91,90.00844394659926,2.8628346498207047,32.19086288429476,136.78846567998227
-96.0,0.0013926623991358,7.0,0.1698949255440444,15.0,32.6788501853399,20.53,246897.0,4544.0,1236.6600151846185,63.08,1.95,85.68868832840748,2.922731906215754,45.067208038012666,153.12141680595028
